﻿{"cameraMode":{"drawMode":0,"name":"Shaded","section":"Shading Mode"},"sceneLighting":false,"audioPlay":false,"sceneViewState":{"m_AlwaysRefresh":false,"showFog":true,"showSkybox":false,"showFlares":true,"showImageEffects":true,"showParticleSystems":true,"showVisualEffectGraphs":true,"m_FxEnabled":true},"in2DMode":false,"pivot":{"x":0.0,"y":1.931605339050293,"z":0.0},"rotation":{"x":-0.07673416286706925,"y":-0.0009003943996503949,"z":0.00006918383587617427,"w":-0.9970528483390808},"size":2.546319007873535,"orthographic":false}